file,variant,traffic,ip_version,packets,esp_packets,ike_packets,source,valid
data/pcaps/synth/plain/v4/r1/email.pcap,plain,email,4,158,0,0,synthetic,True
data/pcaps/synth/plain/v4/r1/icmp.pcap,plain,icmp,4,16,0,0,synthetic,True
data/pcaps/synth/plain/v4/r1/video.pcap,plain,video,4,407,0,0,synthetic,True
data/pcaps/synth/plain/v4/r1/voip.pcap,plain,voip,4,403,0,0,synthetic,True
data/pcaps/synth/plain/v4/r1/web.pcap,plain,web,4,200,0,0,synthetic,True
data/pcaps/synth/plain/v4/r1/whatsapp.pcap,plain,whatsapp,4,273,0,0,synthetic,True
data/pcaps/synth/plain/v4/r2/email.pcap,plain,email,4,202,0,0,synthetic,True
data/pcaps/synth/plain/v4/r2/icmp.pcap,plain,icmp,4,16,0,0,synthetic,True
data/pcaps/synth/plain/v4/r2/video.pcap,plain,video,4,399,0,0,synthetic,True
data/pcaps/synth/plain/v4/r2/voip.pcap,plain,voip,4,402,0,0,synthetic,True
data/pcaps/synth/plain/v4/r2/web.pcap,plain,web,4,208,0,0,synthetic,True
data/pcaps/synth/plain/v4/r2/whatsapp.pcap,plain,whatsapp,4,118,0,0,synthetic,True
data/pcaps/synth/plain/v6/r1/email.pcap,plain,email,6,125,0,0,synthetic,True
data/pcaps/synth/plain/v6/r1/icmp.pcap,plain,icmp,6,18,0,0,synthetic,True
data/pcaps/synth/plain/v6/r1/video.pcap,plain,video,6,402,0,0,synthetic,True
data/pcaps/synth/plain/v6/r1/voip.pcap,plain,voip,6,403,0,0,synthetic,True
data/pcaps/synth/plain/v6/r1/web.pcap,plain,web,6,169,0,0,synthetic,True
data/pcaps/synth/plain/v6/r1/whatsapp.pcap,plain,whatsapp,6,150,0,0,synthetic,True
data/pcaps/synth/plain/v6/r2/email.pcap,plain,email,6,146,0,0,synthetic,True
data/pcaps/synth/plain/v6/r2/icmp.pcap,plain,icmp,6,18,0,0,synthetic,True
data/pcaps/synth/plain/v6/r2/video.pcap,plain,video,6,398,0,0,synthetic,True
data/pcaps/synth/plain/v6/r2/voip.pcap,plain,voip,6,400,0,0,synthetic,True
data/pcaps/synth/plain/v6/r2/web.pcap,plain,web,6,160,0,0,synthetic,True
data/pcaps/synth/plain/v6/r2/whatsapp.pcap,plain,whatsapp,6,103,0,0,synthetic,True
data/pcaps/synth/v1/r1/email.pcap,v1,email,4,205,199,6,synthetic,True
data/pcaps/synth/v1/r1/icmp.pcap,v1,icmp,4,24,18,6,synthetic,True
data/pcaps/synth/v1/r1/video.pcap,v1,video,4,405,399,6,synthetic,True
data/pcaps/synth/v1/r1/voip.pcap,v1,voip,4,405,399,6,synthetic,True
data/pcaps/synth/v1/r1/web.pcap,v1,web,4,159,153,6,synthetic,True
data/pcaps/synth/v1/r1/whatsapp.pcap,v1,whatsapp,4,268,262,6,synthetic,True
data/pcaps/synth/v1/r2/email.pcap,v1,email,4,243,237,6,synthetic,True
data/pcaps/synth/v1/r2/icmp.pcap,v1,icmp,4,22,16,6,synthetic,True
data/pcaps/synth/v1/r2/video.pcap,v1,video,4,408,402,6,synthetic,True
data/pcaps/synth/v1/r2/voip.pcap,v1,voip,4,407,401,6,synthetic,True
data/pcaps/synth/v1/r2/web.pcap,v1,web,4,254,248,6,synthetic,True
data/pcaps/synth/v1/r2/whatsapp.pcap,v1,whatsapp,4,302,296,6,synthetic,True
data/pcaps/synth/v10/r1/email.pcap,v10,email,4,232,226,6,synthetic,True
data/pcaps/synth/v10/r1/icmp.pcap,v10,icmp,4,22,16,6,synthetic,True
data/pcaps/synth/v10/r1/video.pcap,v10,video,4,407,401,6,synthetic,True
data/pcaps/synth/v10/r1/voip.pcap,v10,voip,4,407,401,6,synthetic,True
data/pcaps/synth/v10/r1/web.pcap,v10,web,4,194,188,6,synthetic,True
data/pcaps/synth/v10/r1/whatsapp.pcap,v10,whatsapp,4,296,290,6,synthetic,True
data/pcaps/synth/v10/r2/email.pcap,v10,email,4,109,103,6,synthetic,True
data/pcaps/synth/v10/r2/icmp.pcap,v10,icmp,4,22,16,6,synthetic,True
data/pcaps/synth/v10/r2/video.pcap,v10,video,4,411,405,6,synthetic,True
data/pcaps/synth/v10/r2/voip.pcap,v10,voip,4,406,400,6,synthetic,True
data/pcaps/synth/v10/r2/web.pcap,v10,web,4,203,197,6,synthetic,True
data/pcaps/synth/v10/r2/whatsapp.pcap,v10,whatsapp,4,256,250,6,synthetic,True
data/pcaps/synth/v11/r1/email.pcap,v11,email,4,235,229,6,synthetic,True
data/pcaps/synth/v11/r1/icmp.pcap,v11,icmp,4,22,16,6,synthetic,True
data/pcaps/synth/v11/r1/video.pcap,v11,video,4,406,400,6,synthetic,True
data/pcaps/synth/v11/r1/voip.pcap,v11,voip,4,405,399,6,synthetic,True
data/pcaps/synth/v11/r1/web.pcap,v11,web,4,242,236,6,synthetic,True
data/pcaps/synth/v11/r1/whatsapp.pcap,v11,whatsapp,4,241,235,6,synthetic,True
data/pcaps/synth/v11/r2/email.pcap,v11,email,4,172,166,6,synthetic,True
data/pcaps/synth/v11/r2/icmp.pcap,v11,icmp,4,22,16,6,synthetic,True
data/pcaps/synth/v11/r2/video.pcap,v11,video,4,409,403,6,synthetic,True
data/pcaps/synth/v11/r2/voip.pcap,v11,voip,4,408,402,6,synthetic,True
data/pcaps/synth/v11/r2/web.pcap,v11,web,4,149,143,6,synthetic,True
data/pcaps/synth/v11/r2/whatsapp.pcap,v11,whatsapp,4,159,153,6,synthetic,True
data/pcaps/synth/v12/r1/email.pcap,v12,email,4,242,233,9,synthetic,True
data/pcaps/synth/v12/r1/icmp.pcap,v12,icmp,4,27,18,9,synthetic,True
data/pcaps/synth/v12/r1/video.pcap,v12,video,4,412,403,9,synthetic,True
data/pcaps/synth/v12/r1/voip.pcap,v12,voip,4,407,398,9,synthetic,True
data/pcaps/synth/v12/r1/web.pcap,v12,web,4,200,191,9,synthetic,True
data/pcaps/synth/v12/r1/whatsapp.pcap,v12,whatsapp,4,277,268,9,synthetic,True
data/pcaps/synth/v12/r2/email.pcap,v12,email,4,242,233,9,synthetic,True
data/pcaps/synth/v12/r2/icmp.pcap,v12,icmp,4,27,18,9,synthetic,True
data/pcaps/synth/v12/r2/video.pcap,v12,video,4,413,404,9,synthetic,True
data/pcaps/synth/v12/r2/voip.pcap,v12,voip,4,414,405,9,synthetic,True
data/pcaps/synth/v12/r2/web.pcap,v12,web,4,172,163,9,synthetic,True
data/pcaps/synth/v12/r2/whatsapp.pcap,v12,whatsapp,4,149,140,9,synthetic,True
data/pcaps/synth/v13/r1/email.pcap,v13,email,4,173,167,6,synthetic,True
data/pcaps/synth/v13/r1/icmp.pcap,v13,icmp,4,24,18,6,synthetic,True
data/pcaps/synth/v13/r1/video.pcap,v13,video,4,410,404,6,synthetic,True
data/pcaps/synth/v13/r1/voip.pcap,v13,voip,4,408,402,6,synthetic,True
data/pcaps/synth/v13/r1/web.pcap,v13,web,4,212,206,6,synthetic,True
data/pcaps/synth/v13/r1/whatsapp.pcap,v13,whatsapp,4,126,120,6,synthetic,True
data/pcaps/synth/v13/r2/email.pcap,v13,email,4,170,164,6,synthetic,True
data/pcaps/synth/v13/r2/icmp.pcap,v13,icmp,4,24,18,6,synthetic,True
data/pcaps/synth/v13/r2/video.pcap,v13,video,4,407,401,6,synthetic,True
data/pcaps/synth/v13/r2/voip.pcap,v13,voip,4,408,402,6,synthetic,True
data/pcaps/synth/v13/r2/web.pcap,v13,web,4,194,188,6,synthetic,True
data/pcaps/synth/v13/r2/whatsapp.pcap,v13,whatsapp,4,155,149,6,synthetic,True
data/pcaps/synth/v14/r1/email.pcap,v14,email,4,205,199,6,synthetic,True
data/pcaps/synth/v14/r1/icmp.pcap,v14,icmp,4,22,16,6,synthetic,True
data/pcaps/synth/v14/r1/video.pcap,v14,video,4,407,401,6,synthetic,True
data/pcaps/synth/v14/r1/voip.pcap,v14,voip,4,405,399,6,synthetic,True
data/pcaps/synth/v14/r1/web.pcap,v14,web,4,182,176,6,synthetic,True
data/pcaps/synth/v14/r1/whatsapp.pcap,v14,whatsapp,4,29,23,6,synthetic,True
data/pcaps/synth/v14/r2/email.pcap,v14,email,4,161,155,6,synthetic,True
data/pcaps/synth/v14/r2/icmp.pcap,v14,icmp,4,24,18,6,synthetic,True
data/pcaps/synth/v14/r2/video.pcap,v14,video,4,411,405,6,synthetic,True
data/pcaps/synth/v14/r2/voip.pcap,v14,voip,4,408,402,6,synthetic,True
data/pcaps/synth/v14/r2/web.pcap,v14,web,4,251,245,6,synthetic,True
data/pcaps/synth/v14/r2/whatsapp.pcap,v14,whatsapp,4,261,255,6,synthetic,True
data/pcaps/synth/v15/r1/email.pcap,v15,email,4,192,186,6,synthetic,True
data/pcaps/synth/v15/r1/icmp.pcap,v15,icmp,4,22,16,6,synthetic,True
data/pcaps/synth/v15/r1/video.pcap,v15,video,4,410,404,6,synthetic,True
data/pcaps/synth/v15/r1/voip.pcap,v15,voip,4,403,397,6,synthetic,True
data/pcaps/synth/v15/r1/web.pcap,v15,web,4,183,177,6,synthetic,True
data/pcaps/synth/v15/r1/whatsapp.pcap,v15,whatsapp,4,207,201,6,synthetic,True
data/pcaps/synth/v15/r2/email.pcap,v15,email,4,221,215,6,synthetic,True
data/pcaps/synth/v15/r2/icmp.pcap,v15,icmp,4,24,18,6,synthetic,True
data/pcaps/synth/v15/r2/video.pcap,v15,video,4,401,395,6,synthetic,True
data/pcaps/synth/v15/r2/voip.pcap,v15,voip,4,400,394,6,synthetic,True
data/pcaps/synth/v15/r2/web.pcap,v15,web,4,144,138,6,synthetic,True
data/pcaps/synth/v15/r2/whatsapp.pcap,v15,whatsapp,4,133,127,6,synthetic,True
data/pcaps/synth/v16/r1/email.pcap,v16,email,4,134,128,6,synthetic,True
data/pcaps/synth/v16/r1/icmp.pcap,v16,icmp,4,22,16,6,synthetic,True
data/pcaps/synth/v16/r1/video.pcap,v16,video,4,405,399,6,synthetic,True
data/pcaps/synth/v16/r1/voip.pcap,v16,voip,4,405,399,6,synthetic,True
data/pcaps/synth/v16/r1/web.pcap,v16,web,4,260,254,6,synthetic,True
data/pcaps/synth/v16/r1/whatsapp.pcap,v16,whatsapp,4,117,111,6,synthetic,True
data/pcaps/synth/v16/r2/email.pcap,v16,email,4,221,215,6,synthetic,True
data/pcaps/synth/v16/r2/icmp.pcap,v16,icmp,4,24,18,6,synthetic,True
data/pcaps/synth/v16/r2/video.pcap,v16,video,4,408,402,6,synthetic,True
data/pcaps/synth/v16/r2/voip.pcap,v16,voip,4,407,401,6,synthetic,True
data/pcaps/synth/v16/r2/web.pcap,v16,web,4,271,265,6,synthetic,True
data/pcaps/synth/v16/r2/whatsapp.pcap,v16,whatsapp,4,193,187,6,synthetic,True
data/pcaps/synth/v17/r1/email.pcap,v17,email,4,128,122,6,synthetic,True
data/pcaps/synth/v17/r1/icmp.pcap,v17,icmp,4,24,18,6,synthetic,True
data/pcaps/synth/v17/r1/video.pcap,v17,video,4,409,403,6,synthetic,True
data/pcaps/synth/v17/r1/voip.pcap,v17,voip,4,406,400,6,synthetic,True
data/pcaps/synth/v17/r1/web.pcap,v17,web,4,163,157,6,synthetic,True
data/pcaps/synth/v17/r1/whatsapp.pcap,v17,whatsapp,4,223,217,6,synthetic,True
data/pcaps/synth/v17/r2/email.pcap,v17,email,4,168,162,6,synthetic,True
data/pcaps/synth/v17/r2/icmp.pcap,v17,icmp,4,22,16,6,synthetic,True
data/pcaps/synth/v17/r2/video.pcap,v17,video,4,410,404,6,synthetic,True
data/pcaps/synth/v17/r2/voip.pcap,v17,voip,4,409,403,6,synthetic,True
data/pcaps/synth/v17/r2/web.pcap,v17,web,4,193,187,6,synthetic,True
data/pcaps/synth/v17/r2/whatsapp.pcap,v17,whatsapp,4,298,292,6,synthetic,True
data/pcaps/synth/v18/r1/email.pcap,v18,email,4,100,94,6,synthetic,True
data/pcaps/synth/v18/r1/icmp.pcap,v18,icmp,4,22,16,6,synthetic,True
data/pcaps/synth/v18/r1/video.pcap,v18,video,4,409,403,6,synthetic,True
data/pcaps/synth/v18/r1/voip.pcap,v18,voip,4,405,399,6,synthetic,True
data/pcaps/synth/v18/r1/web.pcap,v18,web,4,265,259,6,synthetic,True
data/pcaps/synth/v18/r1/whatsapp.pcap,v18,whatsapp,4,176,170,6,synthetic,True
data/pcaps/synth/v18/r2/email.pcap,v18,email,4,169,163,6,synthetic,True
data/pcaps/synth/v18/r2/icmp.pcap,v18,icmp,4,22,16,6,synthetic,True
data/pcaps/synth/v18/r2/video.pcap,v18,video,4,409,403,6,synthetic,True
data/pcaps/synth/v18/r2/voip.pcap,v18,voip,4,408,402,6,synthetic,True
data/pcaps/synth/v18/r2/web.pcap,v18,web,4,144,138,6,synthetic,True
data/pcaps/synth/v18/r2/whatsapp.pcap,v18,whatsapp,4,167,161,6,synthetic,True
data/pcaps/synth/v2/r1/email.pcap,v2,email,4,161,155,6,synthetic,True
data/pcaps/synth/v2/r1/icmp.pcap,v2,icmp,4,22,16,6,synthetic,True
data/pcaps/synth/v2/r1/video.pcap,v2,video,4,409,403,6,synthetic,True
data/pcaps/synth/v2/r1/voip.pcap,v2,voip,4,403,397,6,synthetic,True
data/pcaps/synth/v2/r1/web.pcap,v2,web,4,187,181,6,synthetic,True
data/pcaps/synth/v2/r1/whatsapp.pcap,v2,whatsapp,4,129,123,6,synthetic,True
data/pcaps/synth/v2/r2/email.pcap,v2,email,4,235,229,6,synthetic,True
data/pcaps/synth/v2/r2/icmp.pcap,v2,icmp,4,22,16,6,synthetic,True
data/pcaps/synth/v2/r2/video.pcap,v2,video,4,407,401,6,synthetic,True
data/pcaps/synth/v2/r2/voip.pcap,v2,voip,4,405,399,6,synthetic,True
data/pcaps/synth/v2/r2/web.pcap,v2,web,4,247,241,6,synthetic,True
data/pcaps/synth/v2/r2/whatsapp.pcap,v2,whatsapp,4,289,283,6,synthetic,True
data/pcaps/synth/v3/r1/email.pcap,v3,email,4,114,108,6,synthetic,True
data/pcaps/synth/v3/r1/icmp.pcap,v3,icmp,4,24,18,6,synthetic,True
data/pcaps/synth/v3/r1/video.pcap,v3,video,4,409,403,6,synthetic,True
data/pcaps/synth/v3/r1/voip.pcap,v3,voip,4,408,402,6,synthetic,True
data/pcaps/synth/v3/r1/web.pcap,v3,web,4,148,142,6,synthetic,True
data/pcaps/synth/v3/r1/whatsapp.pcap,v3,whatsapp,4,279,273,6,synthetic,True
data/pcaps/synth/v3/r2/email.pcap,v3,email,4,196,190,6,synthetic,True
data/pcaps/synth/v3/r2/icmp.pcap,v3,icmp,4,22,16,6,synthetic,True
data/pcaps/synth/v3/r2/video.pcap,v3,video,4,408,402,6,synthetic,True
data/pcaps/synth/v3/r2/voip.pcap,v3,voip,4,408,402,6,synthetic,True
data/pcaps/synth/v3/r2/web.pcap,v3,web,4,192,186,6,synthetic,True
data/pcaps/synth/v3/r2/whatsapp.pcap,v3,whatsapp,4,275,269,6,synthetic,True
data/pcaps/synth/v4/r1/email.pcap,v4,email,6,248,242,6,synthetic,True
data/pcaps/synth/v4/r1/icmp.pcap,v4,icmp,6,24,18,6,synthetic,True
data/pcaps/synth/v4/r1/video.pcap,v4,video,6,410,404,6,synthetic,True
data/pcaps/synth/v4/r1/voip.pcap,v4,voip,6,400,394,6,synthetic,True
data/pcaps/synth/v4/r1/web.pcap,v4,web,6,139,133,6,synthetic,True
data/pcaps/synth/v4/r1/whatsapp.pcap,v4,whatsapp,6,278,272,6,synthetic,True
data/pcaps/synth/v4/r2/email.pcap,v4,email,6,211,205,6,synthetic,True
data/pcaps/synth/v4/r2/icmp.pcap,v4,icmp,6,24,18,6,synthetic,True
data/pcaps/synth/v4/r2/video.pcap,v4,video,6,407,401,6,synthetic,True
data/pcaps/synth/v4/r2/voip.pcap,v4,voip,6,408,402,6,synthetic,True
data/pcaps/synth/v4/r2/web.pcap,v4,web,6,223,217,6,synthetic,True
data/pcaps/synth/v4/r2/whatsapp.pcap,v4,whatsapp,6,133,127,6,synthetic,True
data/pcaps/synth/v5/r1/email.pcap,v5,email,4,243,237,6,synthetic,True
data/pcaps/synth/v5/r1/icmp.pcap,v5,icmp,4,24,18,6,synthetic,True
data/pcaps/synth/v5/r1/video.pcap,v5,video,4,409,403,6,synthetic,True
data/pcaps/synth/v5/r1/voip.pcap,v5,voip,4,402,396,6,synthetic,True
data/pcaps/synth/v5/r1/web.pcap,v5,web,4,204,198,6,synthetic,True
data/pcaps/synth/v5/r1/whatsapp.pcap,v5,whatsapp,4,234,228,6,synthetic,True
data/pcaps/synth/v5/r2/email.pcap,v5,email,4,185,179,6,synthetic,True
data/pcaps/synth/v5/r2/icmp.pcap,v5,icmp,4,22,16,6,synthetic,True
data/pcaps/synth/v5/r2/video.pcap,v5,video,4,407,401,6,synthetic,True
data/pcaps/synth/v5/r2/voip.pcap,v5,voip,4,404,398,6,synthetic,True
data/pcaps/synth/v5/r2/web.pcap,v5,web,4,193,187,6,synthetic,True
data/pcaps/synth/v5/r2/whatsapp.pcap,v5,whatsapp,4,211,205,6,synthetic,True
data/pcaps/synth/v6/r1/email.pcap,v6,email,6,160,154,6,synthetic,True
data/pcaps/synth/v6/r1/icmp.pcap,v6,icmp,6,24,18,6,synthetic,True
data/pcaps/synth/v6/r1/video.pcap,v6,video,6,407,401,6,synthetic,True
data/pcaps/synth/v6/r1/voip.pcap,v6,voip,6,403,397,6,synthetic,True
data/pcaps/synth/v6/r1/web.pcap,v6,web,6,183,177,6,synthetic,True
data/pcaps/synth/v6/r1/whatsapp.pcap,v6,whatsapp,6,30,24,6,synthetic,True
data/pcaps/synth/v6/r2/email.pcap,v6,email,6,164,158,6,synthetic,True
data/pcaps/synth/v6/r2/icmp.pcap,v6,icmp,6,22,16,6,synthetic,True
data/pcaps/synth/v6/r2/video.pcap,v6,video,6,406,400,6,synthetic,True
data/pcaps/synth/v6/r2/voip.pcap,v6,voip,6,408,402,6,synthetic,True
data/pcaps/synth/v6/r2/web.pcap,v6,web,6,160,154,6,synthetic,True
data/pcaps/synth/v6/r2/whatsapp.pcap,v6,whatsapp,6,269,263,6,synthetic,True
data/pcaps/synth/v7/r1/email.pcap,v7,email,4,233,0,6,synthetic,True
data/pcaps/synth/v7/r1/icmp.pcap,v7,icmp,4,24,0,6,synthetic,True
data/pcaps/synth/v7/r1/video.pcap,v7,video,4,409,0,6,synthetic,True
data/pcaps/synth/v7/r1/voip.pcap,v7,voip,4,407,0,6,synthetic,True
data/pcaps/synth/v7/r1/web.pcap,v7,web,4,215,0,6,synthetic,True
data/pcaps/synth/v7/r1/whatsapp.pcap,v7,whatsapp,4,107,0,6,synthetic,True
data/pcaps/synth/v7/r2/email.pcap,v7,email,4,230,0,6,synthetic,True
data/pcaps/synth/v7/r2/icmp.pcap,v7,icmp,4,22,0,6,synthetic,True
data/pcaps/synth/v7/r2/video.pcap,v7,video,4,410,0,6,synthetic,True
data/pcaps/synth/v7/r2/voip.pcap,v7,voip,4,407,0,6,synthetic,True
data/pcaps/synth/v7/r2/web.pcap,v7,web,4,179,0,6,synthetic,True
data/pcaps/synth/v7/r2/whatsapp.pcap,v7,whatsapp,4,182,0,6,synthetic,True
data/pcaps/synth/v8/r1/email.pcap,v8,email,4,189,183,6,synthetic,True
data/pcaps/synth/v8/r1/icmp.pcap,v8,icmp,4,24,18,6,synthetic,True
data/pcaps/synth/v8/r1/video.pcap,v8,video,4,405,399,6,synthetic,True
data/pcaps/synth/v8/r1/voip.pcap,v8,voip,4,409,403,6,synthetic,True
data/pcaps/synth/v8/r1/web.pcap,v8,web,4,176,170,6,synthetic,True
data/pcaps/synth/v8/r1/whatsapp.pcap,v8,whatsapp,4,312,306,6,synthetic,True
data/pcaps/synth/v8/r2/email.pcap,v8,email,4,150,144,6,synthetic,True
data/pcaps/synth/v8/r2/icmp.pcap,v8,icmp,4,22,16,6,synthetic,True
data/pcaps/synth/v8/r2/video.pcap,v8,video,4,406,400,6,synthetic,True
data/pcaps/synth/v8/r2/voip.pcap,v8,voip,4,406,400,6,synthetic,True
data/pcaps/synth/v8/r2/web.pcap,v8,web,4,210,204,6,synthetic,True
data/pcaps/synth/v8/r2/whatsapp.pcap,v8,whatsapp,4,276,270,6,synthetic,True
data/pcaps/synth/v9/r1/email.pcap,v9,email,4,192,186,6,synthetic,True
data/pcaps/synth/v9/r1/icmp.pcap,v9,icmp,4,24,18,6,synthetic,True
data/pcaps/synth/v9/r1/video.pcap,v9,video,4,409,403,6,synthetic,True
data/pcaps/synth/v9/r1/voip.pcap,v9,voip,4,404,398,6,synthetic,True
data/pcaps/synth/v9/r1/web.pcap,v9,web,4,184,178,6,synthetic,True
data/pcaps/synth/v9/r1/whatsapp.pcap,v9,whatsapp,4,137,131,6,synthetic,True
data/pcaps/synth/v9/r2/email.pcap,v9,email,4,244,238,6,synthetic,True
data/pcaps/synth/v9/r2/icmp.pcap,v9,icmp,4,22,16,6,synthetic,True
data/pcaps/synth/v9/r2/video.pcap,v9,video,4,408,402,6,synthetic,True
data/pcaps/synth/v9/r2/voip.pcap,v9,voip,4,407,401,6,synthetic,True
data/pcaps/synth/v9/r2/web.pcap,v9,web,4,182,176,6,synthetic,True
data/pcaps/synth/v9/r2/whatsapp.pcap,v9,whatsapp,4,294,288,6,synthetic,True
